game_key,Hours_watched,Streamers,Peak_viewers
20 minutes till dawn,911356,3616,29743
2xko,2137305,6619,60961
60 parsecs,529688,606,31960
60 seconds,2834105,3786,56904
60 seconds reatomized,5732203,9691,142643
7 days to die,120692582,1000958,270575
a dance of fire and ice,904328,5666,22735
a difficult game about climbing,7266287,9430,192402
a hat in time,995893,7530,28625
a plague tale innocence,3401358,11185,63953
a plague tale requiem,5025835,30592,117084
a total war saga troy,1019391,3543,54218
a way out,7050394,39112,233484
abandon ship,186349,392,11183
abiotic factor,1729140,4934,35436
absolver,1094505,8972,48064
abzu00db,338342,2587,28205
ace combat 7 skies unknown,714411,4859,28690
afk journey,1345727,6644,67985
against the storm,1296606,2685,23357
agario,1075214,18321,6655
age of darkness final stand,685365,701,38958
age of empires,248884,40,107455
age of empires definitive edition,268536,362,30412
age of empires ii,126694759,233996,98131
age of empires ii definitive edition,28295824,36840,154059
age of empires ii hd edition,602638,2707,23859
age of empires iv,52288858,95711,168937
age of mythology,2239531,6728,27238
age of wonders 4,1290974,2837,26948
age of wonders planetfall,501000,1379,11622
agents of mayhem,318873,1927,33811
agony,487171,2415,47635
agrou,1169185,834,42718
ai the somnium files,956665,888,17670
aim gods,2919980,3704,108965
aion,2796275,1022,30970
aion classic,681773,907,4779
alan wake ii,11270059,52703,243704
alan wake remastered,1204512,4350,27997
albion online,178509245,196594,44287
alien isolation,11488619,111834,129105
aliens dark descent,1469764,3103,34500
aliens fireteam elite,3015624,10094,198891
alone in the dark,1506896,4938,51943
altf4,8551014,18110,82972
altf42,2213625,1337,45149
always on,107197997,13155,57919
amanda the adventurer,2132777,7086,61038
american truck simulator,3649378,20490,47163
amnesia rebirth,3963640,11206,244510
amnesia the bunker,2604862,29829,86270
amnesia the dark descent,225547,1327,21787
amok runner,1111018,318,23517
among us,659690733,3082838,776257
among us vr,1266293,2442,214183
ancestors the humankind odyssey,4309669,9118,56387
angvik,506384,684,16666
animal crossing new horizons,158844670,522991,244171
animal crossing new leaf,117314,160,13805
animal well,1383656,4737,40741
animals aquariums and zoos,82433380,62478,26825
anime,2518045,1696,38004
anime land,6403574,2869,14758
anime squad,31016988,14606,21636
anime standing,807420,381,2654
anime world,45209983,47657,57493
anno 1800,9654507,21927,73394
another crabs treasure,4099828,32157,53447
anthem,14879825,100811,328923
apb reloaded,277614,1073,17386
ape escape,466182,118,163153
apex legends,2655211457,17910200,666868
apex legends mobile,626588,33453,47658
araya,142823,184,28289
arcane,6481076,7093,1832845
arcanum of steamworks and magick obscura,310380,36,12070
archeage,5149024,11252,24171
archvale,781919,1338,36237
arena breakout infinite,25895435,44945,217537
arena of valor,6336569,16252,34469
ark survival ascended,25434404,129411,129337
ark survival evolved,256270210,1619748,386433
ark survival of the fittest,180911,1222,4345
arknights,896790,3126,9606
arma 3,86370290,369888,55686
arma reforger,2185332,6946,35295
armored core vi fires of rubicon,9632690,44487,159871
armored warfare,129391,1233,1907
arms,468819,2145,40901
art,537991909,3461334,109763
artifact,10298657,23142,67321
as dusk falls,2472757,7570,68701
ashen,917664,3320,41773
ashes of creation,2019089,694,219112
asmr,547766607,351712,85961
assassins creed ii,1083100,2348,47999
assassins creed mirage,6631496,33843,161016
assassins creed odyssey,21878605,137019,196035
assassins creed origins,7677647,79501,80844
assassins creed valhalla,32120523,157202,284130
assetto corsa,784266,3163,79819
assetto corsa competizione,2353235,14987,45470
astral chain,1342987,5444,30811
astro bot,3322752,14965,55949
astroneer,4604104,17940,64365
astros playroom,1166665,6303,85069
at dead of night,1156218,1285,29550
atlas,44420105,47061,318887
atlas fallen,1026626,4134,69683
atlas reactor,351341,1298,15418
atomic heart,11994176,110938,279332
attack on titan,595839,9317,43843
attack on titan 2,380727,1522,30384
auto chess,37088411,51889,65070
autopsy simulator,932419,1940,51483
avatar frontiers of pandora,3517638,25470,82856
axie infinity,20520415,35138,31046
azure striker gunvolt,197178,71,135933
azure striker gunvolt 2,291374,20,142476
baba is you,878343,4014,14844
back 4 blood,36462181,229158,432868
backpack battles,19417887,19639,70297
backpack hero,688264,1091,22217
balatro,7758811,27308,38037
baldis basics in education and learning,781035,1573,38533
baldurs gate 3,101778071,571801,480983
baller league,3407992,31,139351
banishers ghosts of new eden,1991259,5156,78044
banjokazooie,1133254,2391,176002
banjotooie,272135,131,104527
barbie and the magic of pegasus,3277673,874,58119
barbie horse adventures wild horse rescue,687036,384,4377
barn finders,480523,934,34790
barotrauma,1238114,2734,24508
batman arkham city,325415,252,166963
batman the enemy within,378534,733,26352
batman the telltale series,798430,3818,46768
battalion 1944,6228602,39362,72120
battle brothers,3245574,2277,17619
battle chasers nightwar,788908,2073,31478
battlebit remastered,19828464,89166,108409
battleblock theater,332256,1097,152739
battleborn,1898114,24108,32021
battlefield 1,35499929,754075,234047
battlefield 2042,41855582,434374,344819
battlefield 4,10763446,328703,482854
battlefield bad company 2,125333,388,28282
battlefield hardline,100782,7617,47090
battlefield v,36496115,487907,277175
battlefleet gothic armada,122976,625,5338
battlerite,10570354,86462,52855
battlerite royale,7214000,18557,40300
battletech,1782735,5372,26795
bayonetta,396836,1909,24966
beat saber,9946518,218803,151270
beauty body art,244063,1270,5400
beholder,209247,372,7740
ben and ed,111484,290,33114
ben and ed blood party,133973,99,60235
bendy and the dark revival,703451,3442,26575
berserk and the band of the hawk,332183,1987,45429
bethesda at e3,1035228,437,394645
beton brutal,1247092,812,35039
betrayalio,1101205,2459,136474
beyond two souls,496277,953,21301
big ambitions,1861327,2294,39750
bio inc redemption,274119,216,31723
biomutant,6248809,35173,182158
bionic commando rearmed,245601,17,148605
bioshock,565996,2638,128499
bioshock infinite,866885,1825,28179
bioshock the collection,629706,4659,14143
black clover mobile,1058107,2918,6711
black desert,170717867,254393,83951
black desert online,199259571,525790,83952
black mesa,1516286,5126,35028
black myth wukong,39749512,179152,484173
black squad,493247,6276,33613
blackjack,2719198,3306,29114
blackwake,2009243,5160,55486
blade soul,23482057,127449,67256
blair witch,2568596,24489,132970
blasphemous,1673409,5989,22993
blasphemous ii,2136292,7101,48786
blast corps,178810,25,96318
blaster master,280728,27,159616
blazblue central fiction,506755,1838,107546
blazblue cross tag battle,1532205,8584,99122
blazing sails,995524,1286,33145
bless online,3401364,9669,203056
bless unleashed,1348131,6737,46486
blood bowl 2,1308445,2338,9557
blood ii the chosen,249351,15,107359
bloodborne,71785816,648900,245345
bloodborne psx,626828,3685,32270
bloodborne the old hunters,445118,1306,28286
bloodstained ritual of the night,2872606,14206,44688
bloons td 5,451598,541,14922
bloons td 6,28101433,109805,101002
bloons td battles 2,799997,2954,18120
blue archive,1748419,3494,33899
blue protocol,2364696,11208,35911
board games,6635364,5408,60216
bodycam,1846166,14793,80191
bomber crew,185586,650,40036
boneworks,361796,3444,22796
book of demons,274322,1201,39327
borderlands,1772278,12746,30059
borderlands 2,22916786,277606,206508
borderlands 3,30876081,220282,360940
borderlands the handsome collection,128713,2145,6191
borderlands the presequel,287491,878,105766
boxing fight,1496780,547,1097362
bpm bullets per minute,708614,3276,68600
brain age train your brain in minutes a day,173011,21,207721
bramble the mountain king,1380570,4564,55764
brawl of ages,151756,60,16441
brawl stars,80360271,1368472,377452
brawlhalla,78866811,953242,165626
bread fred,710696,4517,74154
breakaway,140684,3,7317
breaking point,176391,159,17018
breathedge,3037234,5912,46823
bridge constructor portal,963059,1937,30617
brotato,9630161,22504,31828
brothers a tale of two sons,257742,292,165519
buckshot roulette,3460614,35327,75181
bugsnax,1779642,5013,55167
bully scholarship edition,1827842,2299,68401
bunny garden,828073,1497,27931
bus simulator 18,334927,1025,37341
business tour,1158042,3461,55717
cadence of hyrule crypt of the necrodancer featuring the legend of zelda,1147533,3518,41401
cafe owner simulator,755614,821,66551
call of cthulhu,1453733,7054,64344
call of duty,28867877,3044952,22320
call of duty 2,186611,224,34914
call of duty 4 modern warfare,795459,7210,29734
call of duty black ops,668363,8256,34830
call of duty black ops 4,252361749,2082922,586545
call of duty black ops 6,14229815,138937,483189
call of duty black ops cold war,163638394,2251116,705050
call of duty black ops ii,11116635,110326,215866
call of duty black ops iii,153311292,3039707,167067
call of duty ghosts,3537385,22672,43803
call of duty infinite warfare,26271534,342635,116685
call of duty mobile,28081811,928878,56900
call of duty modern warfare,152748168,6371060,161169
call of duty modern warfare 2,1729090,27729,35925
call of duty modern warfare 3,2623146,3375,417697
call of duty modern warfare ii,243472464,5627559,759147
call of duty modern warfare iii,135511103,1155527,447866
call of duty modern warfare remastered,16047586,253208,74303
call of duty vanguard,73776315,968538,326436
call of duty warzone,2764017645,14142962,1629284
call of duty warzone 20,779365,794,215255
call of duty warzone mobile,806404,12895,33160
call of duty wwii,53755020,646316,170705
call of the sea,515643,1806,45252
captain tsubasa rise of new champions,1759495,5331,62593
car mechanic simulator 2018,320046,1510,36763
car mechanic simulator 2021,772477,4374,28784
card shark,633342,1008,32632
cardlife,275830,432,23117
cards against humanity,95184,1125,11636
carrion,1147402,4965,62570
casino,113683474,25556,111963
casino games,2846478,3157,13718
casino jackpot,131376940,15101,100824
casino simulator,7823685,11166,23309
casino slot machine,57093457,4763,60277
casinoold,80505896,19922,56607
castlevania,174502,143,97143
castlevania rondo of blood,233111,25,157319
castlevania symphony of the night,213140,203,155016
cat goes fishing,343256,226,21912
catherine,961534,2171,23418
catherine full body,404526,1965,10171
celeste,4333078,29189,170522
chained together,27248418,176469,226178
chernobylite,2281539,6446,41599
chess,425278878,474222,370111
children of morta,801244,2429,25610
chillas art the kidnap,1152533,3050,54768
chimeraland,847596,1052,75200
chivalry 2,8204612,48461,81189
choice chamber,122710,444,25929
choochoo charles,2921502,12009,88353
chowderchu,170847,32,15249
chronicle runescape legends,114067,466,11522
chrono trigger,1552520,1025,143113
chuchel,244121,545,37133
citadel forged with fire,1012392,2710,40189
cities skylines,18229643,121509,85206
cities skylines ii,8244165,16979,93789
clash of clans,11942712,44131,52833
clash royale,198625955,995966,630752
clop,526501,415,17320
close to the sun,343108,867,26494
clubhouse games 51 worldwide classics,4860954,3333,83717
clustertruck,235677,1766,34003
code vein,5680064,28191,63561
codenames,4853479,10232,62089
comedy night,570191,2124,32797
command conquer remastered collection,1159268,4635,36957
company of heroes 2,1433728,6375,7336
company of heroes 3,2030502,3709,32682
conan exiles,46342854,144193,174794
conarium,144839,441,48592
concord,1279575,2570,113538
condemned criminal origins,156162,190,9644
conquerors blade,17184280,34671,56150
construction simulator,1327372,3838,44279
construction simulator 2015,99531,141,38169
content warning,10011323,133359,160231
contraband police,9781867,18374,108440
control,2693373,14959,155664
cook serve delicious 2,190415,788,21068
cookie run kingdom,897874,1739,24030
cooking simulator,2459402,7423,40869
core keeper,6033875,25928,54297
corpse party,250546,157,17111
cosmos,333310,79,20325
cossacks 3,191679,602,15937
counterstrike,876395705,2131765,1548040
counterstrike 16,526411,2041,38844
counterstrike 2,9973671,19497,138445
counterstrike 2 limited test,28479537,72758,208933
counterstrike global offensive,4315553263,10947537,1916027
crab champions,1660800,8423,31369
crab game,17971495,123259,283331
craftopia,728696,6014,29912
crash bandicoot,399886,172,159957
crash bandicoot 2 cortex strikes back,217916,198,158305
crash bandicoot 4 its about time,3466522,10867,103494
crash bandicoot n sane trilogy,4798566,52783,159634
crash team racing nitrofueled,2850087,22960,68335
crea,177699,255,11489
creative,132279890,820650,69027
creativedestruction,1371483,19503,78972
cricket,1517547,603,187320
crime scene cleaner,3151849,10588,64224
crimson snow,682910,3448,39523
crisis core final fantasy vii reunion,2259859,11410,41625
crosscode,634419,1918,23714
crossout,1667767,24166,33198
crow country,805303,2798,26170
crowfall,1211236,847,29470
crsed foad,773302,6737,58647
crucible,2351433,13344,122695
crunchyroll anime awards,401668,390,61079
crusader kings ii,123517,369,3290
crusader kings iii,12963461,21022,64778
crypto,90285851,78490,51842
cube escape paradox,275473,396,29101
cube world,853426,4736,40613
cult of the lamb,35424889,229861,157382
cuphead,23487973,262749,184477
curse of the dead gods,1791653,4003,28147
cyberpunk 2077,117546577,818976,1126038
cyphers,911529,577,26958
dale dawson stationery supplies,4593327,8065,119837
danganronpa 2 goodbye despair,1819085,1585,14278
danganronpa trigger happy havoc,1500996,1398,14314
danganronpa v3 killing harmony,2359138,3263,18207
dark and darker,139070464,217520,272197
dark and light,2360580,4992,45110
dark roll free kick challenge,1067746,448,95455
dark souls,92723376,414768,204556
dark souls ii,20520400,70116,160027
dark souls ii scholar of the first sin,21664136,145794,40972
dark souls iii,201003796,1511530,275893
dark souls remastered,15164144,130583,48714
darkest dungeon,52961672,163717,56136
darkest dungeon ii,16484002,14990,164376
darksiders genesis,634741,2514,25443
darksiders ii,242099,502,120528
darksiders iii,2498358,8979,77310
darkwood,1677281,2993,39458
darwin project,6009443,50159,200629
dating simulator,818774,303,81228
dauntless,10406076,160359,71614
dave the diver,9603902,23039,66674
dawn of man,613272,2465,31980
daymare 1998,375548,1062,26518
days gone,16638986,96824,132741
dayz,351098488,1356962,292278
dc universe online,403808,10566,2002
dead by daylight,1400273078,7385576,256602
dead cells,9149218,73747,64823
dead island 2,11013604,89953,239404
dead or alive 6,667851,3463,30823
dead rising,377407,2399,14057
dead rising 2,247695,508,14784
dead rising 4,1057028,53,32348
dead rising deluxe remaster,1651963,5697,39551
dead signal,3739658,2397,68636
dead space,12523911,74729,262354
dead space 2,988987,1958,15031
dead space 3,185704,526,9982
deadlock,33422107,91184,119643
deadside,1382600,6331,34454
death must die,1751325,4772,37884
death road to canada,213419,515,11906
death stranding,26498374,70668,290087
death stranding directors cut,819705,2481,14494
deathgarden bloodharvest,2116005,17047,56052
deathloop,5285183,11199,145605
deaths door,1350342,4463,54916
deaths gambit,876286,2962,36456
deceit,6790679,51026,57509
deceit 2,575900,987,43348
deceive inc,3753633,14245,64460
deep rock galactic,1513480,7917,50328
deep rock galactic survivor,6089652,13761,86607
defunct,163697,25,110121
delta force,9643613,21004,243907
deltarune chapter 1,587192,8011,22805
demon slayer kimetsu no yaiba the hinokami chronicles,1641397,15889,57275
demonologist,9240244,103899,79302
demons souls,34525264,58524,222803
deponia doomsday,298823,320,28013
descenders,248957,484,43300
desolate,300153,1880,37986
desperados iii,900772,1862,23242
destiny,121080325,1230872,234438
destiny 2,628984478,4656216,517758
destiny child,109783,142,2457
destroy all humans,1103461,5565,91539
destruction allstars,844773,6343,32573
detention,617452,1791,38085
detroit become human,44628007,237585,236767
deus ex,537143,188,97131
deus ex human revolution directors cut,625836,939,18778
deus ex mankind divided,2635172,9585,86681
devil daggers,180538,520,32223
devil may cry,300716,57,149625
devil may cry 3 special edition,328558,572,16383
devil may cry 4 special edition,504267,2376,17805
devil may cry 5,7179148,50400,144037
devil may cry hd collection,236415,2526,16176
devotion,1715445,4185,106816
devour,9012655,119145,108766
diablo,521284,334,163460
diablo ii,8748344,15112,26418
diablo ii lord of destruction,29505631,53103,186000
diablo ii resurrected,80732255,157261,414244
diablo iii,114340982,733203,91494
diablo immortal,12636926,45698,241991
diablo iv,282375566,811257,954905
diabotical,1244171,7528,33204
dicey dungeons,1221415,2923,36793
die young,160927,176,36777
digimon story cyber sleuth,181711,4416,7516
digimon story cyber sleuth hackers memory,347393,96,10314
digimon survive,709602,4996,11803
digimon world next order,153421,1712,1587
dinkum,2450220,11190,60412
dirt rally,112223,4291,3344
disc jam,409677,4367,41028
disco elysium,441111,839,25405
dishonored,938877,7565,126174
dishonored 2,2540883,9568,86255
dishonored death of the outsider,315233,1345,11403
disney dreamlight valley,6590798,59995,52232
divinity original sin,763260,2338,14239
divinity original sin ii,12377905,49934,56005
djs,11870119,14818,68899
dko divine knockout,1516044,9316,110193
dnc 2016,362702,59,47549
dnf duel,3760244,13281,48533
doctor who pinball,6215564,51,22462
dofus,65265058,119235,64406
doki doki literature club,3629903,32456,29839
doki doki literature club plus,1051769,6863,32269
dome keeper,2540946,3718,39393
domina,1185616,2566,34274
donkey kong 64,1079052,459,160813
donkey kong country,572695,693,160369
donkey kong country 2 diddys kong quest,316101,218,181740
donkey kong country 3 dixie kongs double trouble,420597,133,144511
donkey kong country tropical freeze,1088106,1755,123823
dont scream,2733733,24740,89607
dont starve,809771,9012,7199
dont starve together,44385391,314608,88541
doom,10555143,157002,169268
doom 3,116783,584,10092
doom eternal,18250876,123245,140962
dota 2,4503767707,4084155,1636441
dota underlords,21498588,60038,62860
dragalia lost,451739,837,6702
dragon age inquisition,818616,1650,14700
dragon age origins,650753,1218,17578
dragon ball,10788463,3903,17410
dragon ball fighterz,47499937,339850,241067
dragon ball the breakers,2724344,10713,33117
dragon ball xenoverse 2,1283079,17040,23590
dragon ball z dokkan battle,1615854,9049,22909
dragon ball z kakarot,10217630,41056,115615
dragon quest builders,518236,2522,14812
dragon quest builders 2,1801482,4151,10640
dragon quest heroes ii,118859,69,5027
dragon quest iv,4143274,10310,23595
dragon quest monsters the dark prince,2977909,3056,66899
dragon quest x online,638805,90,4406
dragon quest xi echoes of an elusive age,1138629,2898,21378
dragon quest xi s echoes of an elusive age definitive edition,721162,583,17291
dragonheir silent gods,752339,995,45675
dragons dogma dark arisen,4304139,18340,66920
dragons dogma ii,17202530,71569,192507
drawful 2,513925,2648,33320
dread hunger,13126870,6506,68993
dreadnought,837982,2546,61103
dreadout 2,399008,282,31528
dream daddy a dad dating simulator,544538,3257,30084
dreams,761420,2835,43582
dredge,3998655,11465,51261
dropzone,129050,234,19968
drug dealer simulator,2159568,4863,60804
duelyst,2335122,4735,22997
duke nukem forever,180847,45,18349
dungeon fighter online,8807459,6743,43291
dungeon hunter champions,202910,369,21603
dungeon of the endless,187185,216,34222
dungeonborne,11665367,25482,88713
dungeons dragons,160058830,530869,214433
dungeons dragons dark alliance,1967471,11301,192661
dungreed,2601610,4137,34086
duplicate sleepers,2148016,264,62500
dwarf fortress,2991022,4248,40854
dying light,11979399,183510,134887
dying light 2 stay human,28149869,168075,475556
dying light bad blood,589867,1638,41658
dynasty warriors 9,202739,1786,7026
dyson sphere program,1872392,5839,32120
e3,1534310,2063,566191
e3 2016,13564832,2537,891816
e3 2017,14332396,5199,1105343
e3 2018,23459443,13346,1817345
ea sports college football 25,14586205,479163,194953
ea sports fc 24,312319709,1944482,595991
ea sports fc 25,31195088,96329,484632
ea sports fc online,4449231,4114,51361
ea sports ufc 2,3851161,39355,49895
ea sports ufc 3,3009708,13658,145154
ea sports ufc 4,2253610,5400,67130
earth defense force 5,682664,1534,23317
earthbound,726111,304,159596
earthfall,327308,1597,34510
ebaseball pawafuru puroyakyu 2022,4457777,1996,47721
ebaseball powerful pro yakyu016b 2020,2714108,459,23142
eco,6899215,6582,28790
efootball 2022,3936957,29854,47457
efootball pes 2020,1329060,6601,19335
el chavo,9011853,1074,5199
elden ring,590668921,3007189,908307
elex,1670727,4554,56864
elex ii,1153943,1528,51865
elite dangerous,6741626,73812,26952
elyon,4637962,9494,67337
enlisted,12261786,40279,477606
enotria the last song,1847796,1549,76987
enshrouded,16561044,58210,221930
enter the gungeon,11901877,78154,139787
epic seven,52074049,62049,28331
escape from tarkov,1790968091,2419747,690725
escape from tarkov arena,17264224,43688,180043
escape simulator,1933173,13066,69646
escape the backrooms,1815455,16402,58212
eternal card game,10168755,9045,18812
eternal return,65267575,112549,68956
eternal return black survival,36657469,65044,85642
euro truck simulator 2,83106046,1189823,65354
europa universalis iv,15241820,37736,35731
eve online,21514929,40311,19345
event0,154677,156,31570
everquest,841209,991,9502
everspace,141290,677,11902
everybodys golf,230768,1481,42271
evil dead the game,7322389,36018,111210
evil genius 2 world domination,1007472,2551,20750
evil west,1074609,5640,47087
evoland 2,142542,107,8487
evolve,2702696,19521,44136
exanima,496916,468,29705
exoprimal,1375580,28411,54555
expeditions rome,1068720,703,45969
exploration,236209,21,90872
extra life,1266975,5625,18933
f1 2016,245875,3866,35111
f1 2017,711367,6137,46173
f1 2019,11226824,46064,210442
f1 2020,20726918,163612,125228
f1 2021,30124401,216501,118001
f1 22,20820640,238175,112832
f1 23,14299513,237227,73722
f1 24,1928686,22339,27836
f1 manager 2022,4086482,8911,63541
f1 manager 2023,1157688,1761,23341
factorio,10216011,56366,26241
fae farm,1560289,5217,32546
faeria,1180923,1140,15354
fall guys,182016630,2797558,417781
fall guys ultimate knockout,234119887,1321959,713229
fallout,547171,162,181041
fallout 3,2915011,19859,29826
fallout 4,42191252,823565,144758
fallout 76,37901578,286722,209140
fallout new vegas,8945146,63384,182517
far cry 4,154461,5271,4862
far cry 5,14791032,130898,258270
far cry 6,11469210,45522,215061
far cry new dawn,2480082,17089,54881
far cry primal,3041063,35593,74111
far lone sails,400639,1212,33860
farlight 84,7983319,137436,58477
farm together,445993,1286,37932
farmers dynasty,234041,179,24478
farming simulator 15,2105119,31206,5336
farming simulator 17,6615157,66108,140946
farming simulator 19,25401862,217840,210885
farming simulator 22,38453095,448383,52545
farthest frontier,2021464,3205,40888
fate seeker,246994,215,10937
fateextella the umbral star,163414,30,6117
fategrand order,5758283,17216,19501
fear the wolves,264157,1279,50132
fears to fathom carson house,1145280,3146,60868
fears to fathom ironbark lookout,2058790,4911,90736
fears to fathom woodbury getaway,2650218,7042,168159
feign,940254,418,51436
fields of mistria,960620,6310,5962
fifa 16,32104475,309353,145728
fifa 17,79984828,319612,144454
fifa 18,84031576,419265,143683
fifa 19,143405135,541697,284483
fifa 20,263487389,736012,365896
fifa 21,403466710,1091134,837094
fifa 22,371907694,1605713,785790
fifa 23,326537693,1939110,487770
fifa online 4,14225085,10897,61452
final fantasy,675710,223,164287
final fantasy iv,1473352,952,178777
final fantasy ix,2219697,5426,148498
final fantasy tactics the war of the lions,135959,28,5171
final fantasy v,282718,1055,4311
final fantasy vi,1382105,648,151839
final fantasy vii,17481692,64124,142666
final fantasy vii rebirth,17818097,81310,172190
final fantasy vii remake,34577449,133859,229292
final fantasy viii,1621011,3824,143278
final fantasy x,618043,1274,77778
final fantasy xi,1453314,1615,84113
final fantasy xii,165497,142,1754
final fantasy xii the zodiac age,830287,1941,11865
final fantasy xiv heavensward,7573579,102483,32264
final fantasy xiv online,372989602,1785925,221958
final fantasy xv,11934823,134600,110368
final fantasy xvi,21319682,109386,179638
final fantasy xx2 hd remaster,1232500,9816,29707
finding bigfoot,324087,512,52902
fire emblem echoes shadows of valentia,136861,232,8495
fire emblem engage,3482353,11737,54855
fire emblem fates special edition,320919,178,3513
fire emblem heroes,186997,812,4195
fire emblem path of radiance,235555,65,122456
fire emblem the blazing blade,551692,562,123437
fire emblem the sacred stones,234106,134,132578
fire emblem three houses,6916109,14654,131393
firefighting simulator,734113,1514,53385
firewatch,1569072,8421,149305
first class trouble,3441071,5757,93675
fist of the north star lost paradise,1551163,397,50661
fitness health,22412715,48025,160132
five dates,591292,984,44089
five nights at freddys,579190,3651,108389
five nights at freddys 2,834520,13927,87834
five nights at freddys into the pit,1805536,10092,53243
five nights at freddys security breach,12919687,123434,182578
five nights at freddys sister location,191520,1931,20375
food drink,122219890,404882,281352
food truck simulator,706708,1421,139298
football manager 2017,3649016,5595,7149
football manager 2018,4392048,9413,11720
football manager 2019,6536401,14622,23685
football manager 2020,13091086,23865,25275
football manager 2021,13596469,24725,41991
football manager 2022,11520557,22082,25454
football manager 2023,13838083,32284,42945
football manager 2024,6804850,14811,30866
for honor,50663062,469171,146765
for the king,3009554,9534,56517
for the king ii,1494285,3686,28973
forager,1929169,8774,40990
forced showdown,168461,398,6181
forspoken,3353577,12135,103188
fortnite,6224642826,60488007,3291525
fortnite zero build,2657285,34253,15491
forts,908849,633,55081
forza horizon 3,1703906,35680,43679
forza horizon 4,13104304,247805,40152
forza horizon 5,15289412,199772,95582
forza motorsport,1455665,33277,37587
forza motorsport 6,210515,3328,10182
forza motorsport 7,232052,3609,29514
foundation,312266,1256,29078
foxhole,6325621,6592,38679
freedom planet,224282,101,179353
friday night funkin,834656,19987,96028
friday the 13th the game,31734780,280678,194748
friends marble,2680068,631,40295
frostpunk,5708281,20092,58338
frostpunk 2,2921624,7378,109652
ftl faster than light,6256218,19729,18568
furi,754592,8757,39313
fzero 99,3082417,7135,38766
fzero gx,313739,45,161002
game wario,123435,17,23152
games demos,221673169,4413529,205693
gamescom 2017,920916,188,161292
gang beasts,3035495,18356,101775
garena free fire,228219789,2115826,506272
garrys mod,51127071,394943,138842
gartic phone,48964215,538898,245374
gartic show,553425,5396,54346
gas station simulator,7309097,17629,120681
gears 5,21143435,190409,57682
gears of war 4,18587819,198260,49535
gears of war ultimate edition,1506923,24682,16292
gears tactics,2109017,5649,45968
generation zero,294832,3392,24289
genshin impact,547266089,3918573,619020
geoguessr,52529901,217825,180918
geometry dash,1751506,26295,11995
get even,222109,767,37566
getting over it with bennett foddy,12585049,51084,97834
ghost hunters corp,1817049,8098,111816
ghost of a tale,384265,1267,49826
ghost of tsushima,31464517,191525,312594
ghost of tsushima directors cut,934239,2517,24939
ghost watchers,2785983,20406,74877
ghostbusters,165845,228,75182
ghostbusters spirits unleashed,829416,4219,30150
ghostrunner,1969433,16192,80175
ghosts n goblins resurrection,1642363,1233,37067
ghostwire tokyo,2315098,9972,69857
gigantic,1348435,10438,37184
girls frontline,1570808,3130,5974
glitchcon,2311134,456,242333
goat simulator,95776,7582,1656
goat simulator 3,755977,3085,39669
god eater 3,272711,2866,29835
god of war,66861101,528640,292083
god of war collection,669425,154,17881
god of war ii,536207,314,24521
god of war iii,1841625,4861,35215
god of war ragnark,51504535,369070,480655
goddess of victory nikke,5223086,14365,45225
godfall,2750024,8646,96913
gods basement,360652,286,30643
going medieval,1262155,3069,32446
gold rush the game,474402,1587,42726
golf gang,1223718,693,61735
golf it,11307068,36242,145616
golf story,160921,374,41518
golf with your friends,9488043,89771,130126
golfing over it with alva majo,2537754,4031,69792
google go,126492,76,29430
goose goose duck,22386263,117878,84399
gotham knights,2745528,24210,80670
gothic ii night of the raven,876473,371,9174
gran turismo 7,6748448,51358,147887
gran turismo sport,1020722,3368,13699
granblue fantasy relink,3692217,17005,43307
granblue fantasy versus,4922303,13998,29261
granblue fantasy versus rising,2479499,11322,15622
grand chase,1557820,9837,57349
grand theft auto iii,216252,222,142392
grand theft auto iii the definitive edition,679049,3341,51916
grand theft auto iv,2069329,6003,41298
grand theft auto san andreas,30545337,240618,130601
grand theft auto san andreas the definitive edition,3483989,16707,108620
grand theft auto v,7482026514,14337768,1140656
grand theft auto vice city,625660,1187,185209
grand theft auto vice city the definitive edition,1464032,4121,58596
granny,1430482,1000,121398
graveyard keeper,5758935,10841,48576
gray zone warfare,11683244,26352,175229
greedfall,1824843,6046,64452
green hell,9270486,34817,59600
grid 2,176713,348,11348
griftlands,510792,177,22684
grim dawn,2606089,9582,16975
grime,754791,1657,34331
gris,654015,3148,37570
grounded,24983481,193175,256957
gtfo,3405724,21110,57986
guacamelee gold edition,233899,41,143685
guild wars 2,65546292,297232,58702
guilty gear strive,36103518,164998,202116
guilty gear xrd rev 2,1764410,4591,106301
guilty gear xrd revelator,2221281,8525,131894
guitar hero iii legends of rock,1223821,12043,10062
gundam evolution,8975456,42793,160538
gunfire reborn,2211455,13494,50647
gwent the witcher card game,63386673,94631,49264
gym simulator 24,608273,407,35062
hackgu last recode,145350,3174,1222
hades,30988478,207161,125095
hades ii,6009851,21842,99770
halcyon 6 starbase commander,117101,279,4786
half dead 2,303233,615,25071
half life 2 survivor,400106,81,164561
half sword,2711476,2795,66704
halflife 2,983990,3965,162911
halflife alyx,5262339,16339,303620
halls of torment,1592846,4513,35258
halo 2,349319,142,189722
halo 4,302218,71,135671
halo 5 guardians,25905470,244014,128338
halo combat evolved,254726,192,160097
halo infinite,108863294,1048141,265291
halo online,226027,5186,23035
halo reach,552985,12778,18709
halo the master chief collection,30841700,410756,156824
halo wars 2,252880,4058,7875
hand of fate,373994,543,36902
hand of fate 2,1622196,3080,45824
hand simulator,1973488,11705,61470
hans,718972,401,29993
happys humble burger farm,1450451,1717,85421
harvester,322907,120,12953
have a nice death,701309,2432,38205
hawked,730775,11134,41254
hay day,669489,861,44677
headbangers rhythm royale,778236,6842,62576
hearthstone,2513198715,1828575,331248
hearts of iron iv,14180241,43912,25901
heave ho,234421,339,35284
heavy rain,1348594,2658,40352
hell let loose,1535009,7765,38383
hellblade senuas sacrifice,1653495,10885,83708
helldivers 2,45455654,528399,175385
hello neighbor,914154,2021,49840
hello neighbor 2,1190993,8940,67137
hellpoint,973262,2475,46559
heroes of hammerwatch,482577,1256,6490
heroes of might and magic iii the restoration of erathia,121372144,39036,34286
heroes of might and magic iii the shadow of death,46026921,24349,30509
heroes of might and magic v tribes of the east,371366,100,13510
heroes of newerth,6269065,15689,10900
heroes of the storm,263350358,760001,126179
hex shards of fate,476155,636,14781
hexen beyond heretic,172767,22,104627
hidden agenda,277274,478,15588
hide or die,289859,1301,25733
hifi rush,2675630,35274,54046
high on life,5589350,142397,92899
hitman,3872546,29640,56534
hitman 2,4473145,16099,78744
hitman 3,7857622,26403,202902
hitman absolution,206686,478,35817
hitman blood money,93954,260,19504
hitman world of assassination,8484829,23899,88447
hivemind gameshow,860872,95,175053
hob,153619,986,39805
hobo tough life,1130877,1243,37671
hogwarts legacy,85225056,634790,1249796
hokuto no ken 2,231945,441,6880
holdfast nations at war,1004082,1406,108232
hollow cocoon,806573,1633,31803
hollow knight,47343003,545541,177178
holocure save the fans,845403,6217,26034
home run derby vr,269577,14,120714
home sweet home,871103,1842,40288
home sweet home survive,2061460,5170,35316
homefront the revolution,339243,2381,44004
honkai star rail,95587116,708576,278005
hood outlaws legends,3438877,11228,93497
hooked on you a dead by daylight dating sim,787986,7915,26291
horizon forbidden west,14700220,117029,223024
horizon zero dawn,17616317,125085,143742
horror stories,124285,90,29507
hospital 666,1009011,1612,79432
hot lava,422810,1410,42570
hot wheels unleashed,895894,3560,60203
house flipper,4502012,26595,42312
house flipper 2,2763606,6091,109794
house party,232757,167,45417
human fall flat,4554030,45969,61698
humankind,2712686,5348,106298
hunt showdown,143983430,670580,135761
hunt showdown 1896,49387882,174543,117520
hurtworld,217722,1728,14893
hyper light drifter,256429,2670,29068
hyper scape,19059831,116632,456629
hyrule warriors age of calamity,1199625,7535,31895
i am fish,2118731,4116,116680
i am setsuna,160401,1786,12510
i wanna be the boshy,3437310,1860,39844
i wanna be the guy,951117,1931,4456
icarus,7673126,17403,81817
identity v,259671,694,28513
idol manager,1070246,784,32469
iji,179556,22,91449
illusion of gaia,201674,41,93073
im on observation duty 5,763732,1358,31755
im on observation duty 6,581068,1249,24948
im only sleeping,203278261,226725,117651
imdb live viewing party,443665,44,104602
immortal redneck,402083,923,39176
immortal unchained,428410,704,26724
immortals fenyx rising,4835642,8916,103359
immortals of aveum,1169271,1880,220290
imperator rome,759356,1209,14561
in silence,3594325,17724,110530
in sound mind,826394,1434,57773
inazuma eleven go chrono stones wildfire,867097,14,55787
inazuma eleven go shadow,1264925,9,76447
indika,1594782,4387,81895
indivisible,626849,2210,19248
infestation survivor stories,662298,4576,6806
infestation the new z,4640615,16175,33261
infinite craft,940989,5070,39849
infliction,419368,730,29109
injustice 2,7478441,48305,64375
inscryption,7129136,34226,100025
inside,1006447,4040,37950
inside the backrooms,3112358,30232,68090
insurgency sandstorm,612790,6363,46465
internet cafe simulator,702992,1454,35892
internet cafe simulator 2,8028792,10473,137320
into the breach,1343382,5117,39128
intruder,256499,348,32687
inzoi,799154,4255,77625
iracing,91466054,393136,82400
iratus lord of the dead,479715,576,19308
irl,662772269,1506565,264068
islands of nyne battle royale,3442425,16918,98062
it takes two,35675064,228154,227571
ixion,1035038,1251,47595
jackbox party packs,51001382,485037,235199
jagged alliance 3,1512792,1295,23812
jak and daxter the precursor legacy,170642,83,93955
jet set radio future,269283,44,105679
jikkyou powerful pro yakyuu 2018,510654,118,7703
jojos bizarre adventure,244095,67,6174
journey to the savage planet,998367,3481,35949
judgement,1749283,794,27266
judgment,2189515,3577,30501
judgment apocalypse survival simulation,241637,283,25847
jump force,1660682,18487,68421
jump king,36105258,55485,197554
jurassic world evolution,10853896,25920,202465
jurassic world evolution 2,2531647,5238,85807
just cause 3,216181,11824,13047
just cause 4,1719889,5800,39081
just chatting,14397469625,27484073,2787896
just dance 2017,610725,1217,21879
just dance 2018,1883666,3288,16320
just dance 2019,1768894,3627,63483
just dance 2020,293112,830,13054
just dance 2022,1490535,1767,42403
just survive,681997,5985,4409
kageroh shadow corridor,634202,438,21236
kantai collection,2298503,9253,10941
karaoke,165798,9,16780
kartrider,8421615,27965,71700
kartrider drift,4887710,42732,57266
katamari damacy,349076,1418,25930
katana zero,665019,2607,28571
kebab chefs restaurant simulator,3468689,6814,93186
kena bridge of spirits,4520912,25735,142054
kenshi,4130339,6387,20595
kerbal space program,8196322,37448,36181
kerbal space program 2,630625,2304,31086
killer frequency,740854,2857,30408
killer instinct,2256196,19771,25372
killer klowns from outer space the game,3016000,19178,50155
killing floor 2,648798,39526,27065
kindergarten,251621,135,33777
king arthur knights tale,853900,683,20612
king of crabs,573802,1231,68536
king of the castle,638370,1554,31179
kingdom come deliverance,21143270,51093,211281
kingdom hearts hd 15 25 remix,9029052,44082,24959
kingdom hearts hd 15 remix,708888,242,186472
kingdom hearts ii,477399,336,148031
kingdom hearts iii,9161630,48800,127041
kingdom new lands,205401,775,34957
kingdom of the winds,523740,315,19219
kingdom two crowns,461244,1208,10774
kingdom under fire ii,762559,883,18369
kingdoms and castles,318350,931,50067
kingdoms of amalur reckoning,1226682,3114,61471
kings league,30672326,1536,893949
kirby 64 the crystal shards,315368,58,158893
kirby and the forgotten land,5321710,30158,85246
kirby nightmare in dream land,235038,36,97477
kirby planet robobot,249013,22,145781
kirby squeak squad,299628,28,156564
kirby star allies,389567,1985,24135
kirby super star,269659,99,157590
kirbys dream land 3,343155,42,159503
knight online,56112989,67316,24124
knock on the coffin lid,1116419,614,22883
knockout city,10138636,96048,304163
kona,148057,536,35430
korean baseball league,9432942,596,44930
krunker,12039474,61361,54602
la noire,1721275,3739,39455
last day on earth survival,2499422,1219,111059
last epoch,26992053,43142,266419
last oasis,10615547,11854,89047
last tide,356133,1057,59571
last year,2851354,6204,91727
late shift,904056,1983,61033
lawbreakers,1046191,16665,48117
layers of fear,3180051,28801,41803
layers of fear 2,2011638,9201,46426
league of legends,11296781271,19029548,3145012
league of legends wild rift,77982621,642372,130772
left 4 dead,265959,405,140433
left 4 dead 2,12387784,209620,145489
legend of mortal,665450,441,26129
legends of runeterra,70534876,173259,236450
legion td 2,2074385,2333,37519
lego star wars the complete saga,295265,894,30871
lego star wars the force awakens,96608,798,29338
lego star wars the skywalker saga,3906056,54161,79318
lego the lord of the rings,143126,41,20249
lego worlds,141835,1343,41465
let it die,2651285,7450,32975
lethal company,81894857,869091,190455
lies of p,39717108,254275,231815
life is feudal mmo,1072596,2163,5606
life is strange,4977364,49204,119098
life is strange 2,2518950,19000,49183
life is strange before the storm,2274888,21027,107681
life is strange true colors,3298523,12131,97414
like a dragon gaiden the man who erased his name,2637035,9743,68897
like a dragon infinite wealth,8128798,17547,76403
like a dragon ishin,3622015,9380,61259
line of sight,148671,615,24855
lineage 2,32331067,54156,27062
lineage 2 revolution,1026772,2064,59839
lineage 2m,1253833,186,20680
lineage ii,26699783,34518,11198
lineage ii the chaotic throne the 1st throne the kamael,58176984,93102,30131
lineage m,825377,576,7907
lineage the blood pledge,1074865,110,5460
lineage w,3127246,914,54114
little kitty big city,1150331,18929,33527
little misfortune,701991,1198,29288
little nightmares,6472118,73610,167445
little nightmares ii,13141765,74228,125493
littlebigplanet 2,240281,19,121102
live,10227329,5226,8027
lockdown protocol,4944449,19809,98146
london 2012 the official video game,283902,90,13323
loop hero,6219389,12397,62410
lords of the fallen,11304812,26458,184812
lost ark,662177548,733774,1273854
lost in random,720893,1649,53975
lost judgment,6445079,5010,59371
luigis mansion,222538,284,146962
luigis mansion 3,4003466,12934,53972
mad games tycoon 2,823687,361,27159
mad max,421052,2823,14353
madden nfl 16,5077143,162995,18054
madden nfl 17,9043448,241881,30808
madden nfl 18,7538495,221294,33963
madden nfl 19,11917756,228075,96944
madden nfl 20,25648303,309014,119051
madden nfl 21,25185436,277093,109879
madden nfl 22,22093293,339690,75515
madden nfl 23,23428338,774368,65313
madden nfl 24,31483160,1201114,223439
madden nfl 25,5827654,100900,55865
made in abyss binary star falling into darkness,996544,872,30389
madison,7569215,24002,90363
maelstrom,412819,916,38032
mafia,414213,276,11806
mafia definitive edition,6481351,17704,181475
mafia ii,2236904,6759,32764
mafia iii,2969888,30476,79661
mafia live,719317,294,13355
magic legends,1689148,7243,92059
magic the gathering,389861440,561932,155987
mahjong soul,18988597,56721,115477
make it meme,587767,3497,192166
makers crafting,55124327,401979,35800
maneater,2414797,7754,111724
manor lords,7343410,23896,66629
mansions of madness,814533,1387,62020
maplestory,160798058,312865,107397
maplestory 2,4458987,36960,34595
maplestory m,319414,670,18624
maplestory worlds,7529505,3272,51275
marauders,5941764,17554,104120
marble it up,328398,218,42256
marbles on stream,105183595,561281,85605
mario golf super rush,3548606,9732,108136
mario kart 64,173981,220,186466
mario kart 8,63213410,261707,292542
mario kart 8 deluxe,69436260,415951,324642
mario kart ds,342745,38,183673
mario luigi superstar saga,650764,132,152732
mario party 10,536875,113,43284
mario party superstars,19417614,48310,181405
mario rabbids kingdom battle,1486466,2982,47707
mario rabbids sparks of hope,1068158,1929,50814
mario sonic at the olympic games tokyo 2020,297310,432,26435
mario strikers battle league,2610360,9650,98682
mario tennis aces,4031437,6984,56535
mark of the ninja,167880,101,114059
martha is dead,1959866,7091,87075
marvel future fight,144674,47,17449
marvel rivals,11577388,37051,107970
marvel snap,65466039,100364,245416
marvel ultimate alliance 3 the black order,475562,2045,18104
marvel vs capcom 2 new age of heroes,848519,2535,26171
marvel vs capcom infinite,3826507,9997,47255
marvels avengers,9392669,47738,200219
marvels guardians of the galaxy,5134974,13887,106269
marvels midnight suns,1986127,5128,27336
marvels spiderman,15319933,138621,233622
marvels spiderman 2,14936317,158540,277121
marvels spiderman miles morales,7466875,40726,190903
marvels spiderman remastered,1911991,17772,43498
mass effect,1958262,10793,124983
mass effect 2,1644708,7831,24686
mass effect 3,1517306,6027,13631
mass effect andromeda,5411254,20781,71484
mass effect legendary edition,7551369,42280,53714
max payne 3,1963537,951,22400
mecha break,1580478,8278,50681
mechabellum,4564243,3422,46962
mechwarrior 5 mercenaries,588950,1726,19401
mechwarrior online,130316,781,29599
medieval dynasty,4326212,13241,33742
medievil,303729,2328,8934
meet your maker,997977,8763,46203
mega man,640307,568,191044
mega man 10,197038,55,158783
mega man 11,2515232,6251,124320
mega man 2,208756,319,150406
mega man battle network,723989,3917,27309
mega man legends,247070,39,125626
mega man network transmission,231158,19,170125
mega man x,982819,2765,181667
mega man x2,362197,181,121945
mega man zero 2,233488,15,118307
mega man zero 3,248092,23,144947
mega man zx advent,217249,20,109596
melee combat championship,749000,21,135942
melty blood type lumina,909798,5129,16180
metal gear solid,379603,400,149896
metal gear solid 2 sons of liberty,804174,227,177214
metal gear solid 3 snake eater,470695,202,146322
metal gear solid 4 guns of the patriots,138873,24,2418
metal gear solid peace walker,96201,25,1490
metal gear solid v the phantom pain,2110733,58161,6353
metal gear survive,790974,4957,44890
metal hellsinger,1324841,15020,59413
metin2,47410078,96610,38238
metro 2033,568011,4919,18024
metro exodus,8474813,39169,154978
metro last light,1297298,4588,30280
metro sim hustle,249521,20,77676
metroid dread,5684676,20850,52917
metroid fusion,531435,289,158618
metroid prime,769667,534,153077
metroid prime 2 echoes,297191,58,152037
metroid prime 3 corruption,477206,24,135785
metroid prime remastered,980036,4319,21792
microsoft flight simulator,23425654,149628,216593
microsoft flight simulator x,6495751,34745,7589
middleearth shadow of mordor,999409,19630,16743
middleearth shadow of war,5770462,25574,120873
midnight cinema,8247174,1349,5785
midnight ghost hunt,2071385,7564,82634
might magic elemental guardians,283426,397,4737
mighty no 9,526752,2618,176744
miitopia,2281376,6023,51244
mike tysons punchout,197881,105,168929
minecraft,3162054933,20937969,2189881
minecraft dungeons,10181857,83121,199475
minecraft legends,1226532,24669,56726
minion masters,2443477,11317,14840
mir 4,11184201,13349,15301
mir tankov,1181860,1586,11769
mir4,20531362,40361,29416
miracle snack shop,374368,661,22437
mirrors edge,434367,829,186567
mirrors edge catalyst,569834,6043,34459
miscreated,4777346,13297,44700
mist survival,307401,1062,32268
mister rogers neighborhood,1861926,168,12304
mistover,356455,865,6282
mlb 15 the show,116479,1130,10762
mlb the show 16,1410572,22403,18101
mlb the show 17,1573051,14311,17953
mlb the show 18,2024030,18981,9428
mlb the show 19,5156707,35049,26978
mlb the show 20,9801042,47176,33236
mlb the show 21,12015668,67067,40946
mlb the show 22,9534010,72757,40797
mlb the show 23,10280005,92992,30493
mlb the show 24,7614419,74326,39991
mobile legends bang bang,17510799,370405,106209
monopoly,479304,663,45570
monopoly plus,12936822,43307,242475
monster hunter generations,1104972,1281,4757
monster hunter generations ultimate,2067922,4755,13084
monster hunter rise,60582431,379269,129540
monster hunter stories 2 wings of ruin,3291372,8874,39406
monster hunter world,157894904,1102635,169921
monster hunter world iceborne,1865825,31179,23181
monster rancher 2,316595,21,19189
monster train,3579294,4368,35351
monstrum,246857,373,34880
moonlighter,1261324,6429,30600
mordhau,8523877,48199,87400
mortal kombat 1,22286199,239178,150301
mortal kombat 11,42357345,322165,202719
mortal kombat x,7206108,94234,105232
mortal online 2,717914,1001,7680
mortal shell,4660349,12987,138779
motorsport manager,8826097,2344,63211
mount blade ii bannerlord,33583194,65367,243038
mount blade warband,5892353,12446,17388
mount your friends,235451,636,39074
mount your friends 3d a hard man is good to climb,190269,157,33620
move or die,202884,319,32211
movie world,1661490,648,6181
mu legend,509359,3227,6090
mu online,1322011,918,7665
muck,2170565,21999,77763
mudrunner,219667,2194,36489
mugen,15799692,3175,11541
multiversus,36837988,618172,184916
murder house,607620,655,53311
music,1147942190,3355045,293752
mutant year zero road to eden,1357201,3146,43432
mxm,799680,4741,31896
my friend pedro,1136909,9071,49741
my friendly neighborhood,1030633,2686,24016
my hero ultra rumble,6336111,80572,110191
my summer car,11589556,14075,39005
my time at portia,2255359,7611,39729
my time at sandrock,833312,2897,34991
my twin brother made me crossdress as him and now i have to deal with a geeky stalker and a domme beauty who want me in a bind,269698,40,35249
mystery science theater 3000,286391,12,8044
myth of empires,1935875,2028,31643
naraka bladepoint,31002872,175402,114871
naruto shippuden ultimate ninja storm 3 full burst,170447,213,24391
naruto shippuden ultimate ninja storm 4,1536568,28383,34575
naruto to boruto shinobi striker,369595,8959,6619
naval action,285354,1193,20381
nba 2k15,797060,10898,6203
nba 2k16,26743859,362676,33636
nba 2k17,26928096,360377,42215
nba 2k18,18811011,255186,61960
nba 2k19,35219139,433425,47830
nba 2k20,68764624,536093,91296
nba 2k21,86615263,686324,151940
nba 2k22,57475193,755101,159548
nba 2k23,54350417,1233273,352152
nba 2k24,52554603,1232202,195102
nba 2k25,13764528,135575,199141
nba playgrounds,299213,2684,39807
ncaa football 14,1768152,515,141739
necromunda hired gun,793254,2650,55118
necropolis,419583,1335,55052
need for speed,195144,7280,28602
need for speed heat,2226565,18630,43162
need for speed payback,1346938,6771,42462
need for speed unbound,2404816,27911,51336
nekopara vol 2,116412,135,27734
neon abyss,896701,4420,15236
neverwinter,681248,27865,5528
new poku00e9mon snap,5083513,26226,112450
new state mobile,689817,3637,53483
new super mario bros,170686,30,117935
new super mario bros u,512874,1600,23701
new world,277890359,507766,981589
new world aeternum,19835639,40371,142712
next day survival,340346,1744,41708
nhl 16,814733,27977,10387
nhl 17,403621,8261,4287
nhl 18,174339,2456,1343
nhl 19,1519076,11640,68553
nhl 20,2055094,22273,42208
nhl 21,2591790,30102,24008
nhl 22,664122,3517,17108
nhl 24,588776,8632,5192
ni no kuni cross worlds,4346372,15710,31448
ni no kuni ii revenant kingdom,1397727,11956,30369
nickelodeon allstar brawl,3802621,9121,189161
nickelodeon allstar brawl 2,702226,1929,19945
nier automata,8493634,68538,130151
nier replicant ver122474487139,5220655,23697,64809
night crows,2771357,4996,8127
night in the woods,1453278,2708,140021
night of the dead,4963219,3887,27349
night security,719902,1806,32692
nightingale,6809487,14298,264811
nine sols,1291812,3101,17168
ninja gaiden black,489322,290,156016
ninja gaiden iii the ancient ship of doom,183550,36,133273
nintendo switch sports,4462101,12628,134979
nintendo world championships nes edition,705326,1441,16291
nioh,15384454,68311,93044
nioh 2,14795539,25791,123868
nioh 2 the complete edition,2882668,7863,21669
nitro stream racing,1815029,5314,38046
no mans sky,48005832,295606,218360
no rest for the wicked,4463000,6783,177359
nobody wants to die,745293,2465,43031
noita,9372892,25228,37859
norland,623948,1207,21813
northgard,521107,2161,17243
not tonight,250367,476,27338
nuclear throne,424837,1860,30008
obduction,163507,460,35424
observation,731205,1330,52078
observer,811355,2478,38710
octopath traveler,2942458,7714,124073
octopath traveler ii,1697379,7797,19933
old school musical,227785,384,17067
old school runescape,400406002,548021,105265
old spice games,451543,27,47320
olympic games tokyo 2020 the official video game,2138359,3580,103448
omega strikers,7162964,29800,78183
once human,32861232,145388,183782
one hour one life,1118318,767,34399
one piece odyssey,1137025,9273,28716
onimusha warlords,626683,1909,120646
only climb better together,2475021,3858,58685
only up,48119900,127337,279318
operation tango,1031992,3482,46732
orcs must die 2,207386,163,38971
orcs must die 3,981887,2092,44463
orcs must die unchained,144382,1225,21127
ori and the blind forest,1657348,15891,127380
ori and the will of the wisps,4649043,23738,68414
osiris new dawn,290289,2298,23497
osu,108734159,2636627,137602
otakus adventure,403777,187,22487
outer wilds,2050203,6357,32318
outlast,9480485,208875,100468
outlast 2,7099865,65952,212319
outlast ii,952417,9593,59505
outlaws of the old west,283490,1823,8127
outriders,20605214,124813,178993
outward,4392669,11806,34644
overcooked 2,3430043,55012,82590
overkills the walking dead,2089273,7468,88925
overlord ii,203475,40,17774
overwatch,1393597856,7661054,1459249
overwatch 2,646635573,4676169,633993
owlboy,542529,1313,124483
oxygen not included,9482994,29720,44971
pacific drive,4155178,15376,79502
pagan online,382264,1141,28830
paladins,59344028,959338,45152
palia,14664809,84306,76032
palworld,80554194,447638,434200
panicore,840315,11397,41384
paper mario,758937,514,137379
paper mario color splash,183224,623,2876
paper mario the origami king,3537749,11640,40084
paper mario the thousandyear door,4176069,14246,169832
papers please,473786,980,40920
paradigm,195665,187,37173
paragon,17021408,165698,60465
paragon the overprime,2916701,12224,28481
parappa the rapper,124096,175,38532
parasocial,2075232,6257,45802
park beyond,1631900,1718,46307
parkitect,619404,917,32775
party animals,30202806,199564,325006
party hard tycoon,178270,80,31892
passpartout the starving artist,318085,569,50975
path of exile,755583485,929293,441336
pathfinder kingmaker,4644220,3823,34102
pathfinder wrath of the righteous,2968802,2577,48925
pathologic,311284,789,21661
pawafuru puroyakyu 20242025,7788190,2486,74712
pax dei,3404413,4112,48856
payday 2,1943799,63461,36544
payday 3,7125301,80985,89892
pc building simulator,729188,4279,45622
peepo island,712135,692,60539
peggle 2,544406,213,19949
penn tellers smoke and mirrors,4732921,58,11026
pepsiman,199938,25,136904
perception,161885,703,36938
perfect world,680013,679,2844
persona 3 reload,5412357,40920,46256
persona 4 golden,1379644,10675,32569
persona 5,8476208,28248,45615
persona 5 royal,11967346,69331,18590
persona 5 strikers,1567910,12955,29003
pga tour 2k21,3166618,13900,58027
phantasmagoria,124560,19,16383
phantasy star online 2,2528833,20263,34477
phantasy star online 2 new genesis,741489,8049,40845
phantom abyss,726467,2036,35136
phantom doctrine,254319,629,10837
phasmophobia,222137204,3155998,256449
phoenix point,1462113,1720,37599
phoenix wright ace attorney trilogy,281404,431,13806
phoenix wright ace attorney trilogy hd,1944749,1848,22710
phoenix wright ace attorney u2212 spirit of justice,96620,56,2287
phoning home,153199,135,31826
pico park,6178809,25285,199044
pico park 2,1815991,3014,107922
pikmin,261626,70,104767
pikmin 4,2420895,11462,40981
pillars of eternity,947593,1627,16860
pillars of eternity ii deadfire,1731365,2196,23893
pinball,188826,121,21566
pineview drive,144779,48,17921
pixark,1601491,5732,37396
pizza connection 3,273344,390,35335
plague inc evolved,1080831,3102,37226
planet coaster,5614576,11460,57195
planet crafter,3756094,13334,42413
planet zoo,7585676,15930,78337
planetside 2,306933,3086,37730
plant vs undead,907282,699,19237
plants vs zombies garden warfare 2,336389,6853,8967
plateup,17381743,69622,93147
playerunknowns battlegrounds,1475296705,4943916,579861
pogostuck rage with your friends,5109767,5163,146519
poi,218089,44,111219
poker,457905558,367279,124617
poker online texas holdem,10625315,7779,43061
pokku00e9n tournament,1321343,3970,44811
pokmon blackwhite version 2,821879,576,55655
pokmon brilliant diamondshining pearl,6542972,30886,36318
pokmon community game,45946495,23863,320431
pokmon emerald,638849,2797,103382
pokmon emerald version,688058,2618,8230
pokmon fireredleafgreen,31996891,78175,41489
pokmon go,7884171,47705,58482
pokmon heartgoldsoulsilver,19339945,33855,83144
pokmon infinite fusion,798069,3998,10829
pokmon legends arceus,46418764,194071,478946
pokmon mystery dungeon explorers of sky,1669347,255,68918
pokmon omega rubyalpha sapphire,1970686,1065,54088
pokmon platinum version,575905,1061,18411
pokmon scarletviolet,117328503,391207,315303
pokmon swordshield,8439832,45452,61716
pokmon trading card game,27585141,102403,52250
pokmon unite,38653676,280449,43210
pokrogue,5071423,19815,45649
poku00e9mon blackwhite version 2,1000681,493,158081
poku00e9mon brilliant diamondshining pearl,37970102,81074,247407
poku00e9mon crystal,1018730,896,168236
poku00e9mon emerald,2852425,6453,203536
poku00e9mon fireredleafgreen,10476390,16736,225790
poku00e9mon go,29142395,58543,81781
poku00e9mon heartgoldsoulsilver,3212104,10216,183830
poku00e9mon lets go pikachu,29925336,62415,148108
poku00e9mon mystery dungeon rescue team dx,988580,4416,16927
poku00e9mon omega rubyalpha sapphire,12387306,19560,44480
poku00e9mon platinum,7064777,20605,128085
poku00e9mon quest,284478,1447,5689
poku00e9mon redblue,1979676,6056,185106
poku00e9mon rubysapphire,393510,237,169805
poku00e9mon stadium 2,297873,134,3036
poku00e9mon sunmoon,20854211,25192,34589
poku00e9mon swordshield,119561708,318230,187166
poku00e9mon trading card game,28184869,83044,201453
poku00e9mon trading card game online,150852,1073,2543
poku00e9mon ultra sunultra moon,15243501,35081,132152
poku00e9mon unite,35079631,140654,225808
poku00e9mon xy,654702,201,157620
poku00e9mon yellow,716400,583,210369
politics,46477223,52056,164056
poly bridge,904481,1130,28104
poly bridge 2,2689925,3100,58914
poly bridge 3,811375,704,63852
pools hot tubs and beaches,176367734,165718,152424
poppy playtime,16916344,109181,314547
portal 2,2701115,31422,175214
post scriptum,1104919,2535,43662
potion craft,704446,2733,30075
power rangers battle for the grid,8091268,995,71017
power rangers samurai,142037,50,16736
powerwash simulator,7291545,71462,89247
predator hunting grounds,1485387,8713,48802
predecessor,694894,10792,19515
prey,4484828,25618,104034
prime world,2944346,5082,2216
prince of persia the lost crown,3155308,9011,51830
prince of persia the sands of time,220699,77,142096
princess connect redive,3391302,4493,26780
prison architect,284210,1297,8131
prison simulator,873597,1659,24046
pro evolution soccer 2016,126612,1694,8362
pro evolution soccer 2017,161557,1888,13572
pro evolution soccer 2018,338763,3745,29038
pro evolution soccer 2019,799290,5317,26019
pro gymnast,534813,160,53484
pro soccer online,619859,84,36182
professor layton and the curious village,229312,92,6877
project cars 2,201190,2376,37062
project f,1794079,2017,137795
project highrise,205267,346,28568
project playtime,699293,12707,141061
project winter,6590354,15519,69030
project zomboid,125691962,402156,129372
prominence poker,315572,998,25841
propnight,9531025,21297,124168
protocol,280309,91,25854
psychonauts 2,1091485,6546,44798
pubg battlegrounds,390251522,1914581,190860
pubg mobile,69449102,1173325,110601
pummel party,41044143,225477,185358
pumping simulator 2,872943,402,25101
punch club,1881646,3665,43813
punch club 2 fast forward,1495258,994,36440
punchout,359211,95,155210
puyo puyo tetris,740894,2644,11851
puzzle dragons,1420307,2914,5118
q remastered,1309076,1631,65578
quackshot starring donald duck,248237,16,127046
quake champions,14029478,87631,56791
quantum break,1235417,6411,63330
quiplash,1022934,10204,27525
quiplash 2 interlashional,764299,308,136117
rabiribi,100594,462,17014
radical heights,3887738,27763,196312
raft,55160632,356259,209125
rage 2,3004606,10513,102848
ragnarok m eternal love,1919734,3184,6304
ragnarok online,8064599,18102,11508
ragnarok online mobile,791953,835,7603
ragnarok origin,1141206,2447,26757
raid shadow legends,28326948,71679,182649
railway empire,276041,390,22910
ranch simulator,3954356,7282,49322
ratchet clank,780678,8850,28323
ratchet clank rift apart,4702938,14327,135505
ratopia,1273961,1258,30113
ratropolis,748399,850,19053
ravendawn,6924558,5796,21621
rayman,262525,46,110789
rayman legends,282655,666,166452
ready or not,9547777,60929,229865
realm royale,30869829,272734,195317
rebel galaxy outlaw,426154,746,28382
recore,312280,3758,27537
red dead redemption,1632888,10993,27683
red dead redemption 2,230154504,2341270,382860
redfall,2850843,34278,150694
reign of kings,139874,244,3432
remnant from the ashes,11007931,80896,94947
remnant ii,14639441,75627,101078
remothered broken porcelain,568626,891,53086
remothered tormented fathers,306195,839,10964
rend,1341713,2903,28877
resident evil,3306360,23549,160038
resident evil 2,47617198,416453,314244
resident evil 3,17365606,74434,318002
resident evil 3 nemesis,448119,1045,11698
resident evil 4,78821745,673525,327946
resident evil 5,995724,9213,24298
resident evil 6,416217,2474,10703
resident evil 7 biohazard,34640316,366500,224481
resident evil code veronica x hd,480439,312,111628
resident evil resistance,592809,2168,20302
resident evil revelations 2,279827,2793,11689
resident evil village,64567035,275884,645130
resident evil zero,708476,5796,27708
retro,283662160,792117,86249
return of the obra dinn,518904,811,48512
return to monkey island,804367,2569,41534
returnal,9542822,24715,173372
revelation,132028,855,3285
revelation online,335243,3330,3359
reventure,363786,903,20569
rfactor 2,645424,490,62961
rgg land,661375,22,3229
rhythm doctor,877177,2906,25107
rhythm tengoku the best plus,155979,14,12617
riders of icarus,185519,2775,31938
riders republic,3582200,9223,138178
rift,209568,629,4272
rime,336099,2103,16483
rimworld,112928846,263361,44934
ring fit adventure,1198676,1738,27148
ring of elysium,14756340,205214,57675
rise of the ronin,3319993,17389,37881
rise of the tomb raider,1772132,26293,120955
rise online,27817673,8377,45526
rising storm 2 vietnam,329940,5989,43582
risk factions,151056,32,46434
risk of rain 2,16599781,165356,93049
risk of rain returns,1412967,6639,26492
risk the game of global domination,648689,18,92496
rnc 2016,264303,2,29021
road 96,3661935,7629,87979
roblox,180219904,8258043,999409
robocop rogue city,1298060,5778,29966
rock band 4,760012,8424,11390
rock of ages 2 bigger boulder,247175,349,30078
rocket arena,716414,3323,147718
rocket league,816479527,11621163,408512
rocket robot on wheels,213639,15,160445
rogue company,28255962,435037,146743
rogue legacy 2,6593688,9971,60861
rogue tower,672834,1193,30901
roller champions,3495017,67455,57025
rollercoaster tycoon 2,117444,158,21679
rollercoaster tycoon world,172269,614,10836
romance of the three kingdoms xiii,195258,68,3484
romance of the three kingdoms xiv,415378,157,9236
royal crown,924138,965,25593
rpg maker,550284,833,7584
rubber bandits,833258,1906,89039
ruined king a league of legends story,2751417,7769,107930
rules of survival,426670,7790,28482
rumbleverse,8546770,90312,89266
runescape,188225030,388416,94782
russian fishing 4,4556934,13408,13016
rust,1169678364,2039683,1373791
rusty lake paradise,257303,392,12456
saint seiya awakening,6592064,6935,8097
saints row,2657146,19290,106609
sakuna of rice and ruin,1199711,2221,24646
salt and sanctuary,907043,5601,26883
samurai shodown,1362250,3869,74167
sanabi,1902834,3785,19998
satisfactory,33188611,146172,68953
savage resurrection,93754,83,15781
scarface the world is yours,664994,105,48901
scarlet nexus,1504430,7038,41026
scavengers,3247709,24085,118346
science technology,75851422,319881,203313
scorn,3937538,29783,182181
scp secret files,781469,1273,28879
scp secret laboratory,3134545,8282,117217
scrap mechanic,3357118,8854,114076
scrutinized,2813543,1903,86338
scum,17107908,66421,217830
sea of stars,1706666,21833,30329
sea of thieves,373694955,2371935,261898
second extinction,532011,1773,51213
secret hitler,958975,364,41675
secret neighbor,973370,6869,33971
secret of evermore,245797,51,117085
secret of mana,698324,4020,110775
sekiro shadows die twice,102897407,685937,279037
senuas saga hellblade ii,1951889,23670,110129
serious sam 4,580536,2061,52457
sexy sniper,599134,168,3483
shadow arena,1439654,2608,36960
shadow of the colossus,3213137,10546,69742
shadow of the tomb raider,3913593,25365,83572
shadow tactics blades of the shogun,207441,16,17292
shadow warrior 2,768859,3011,28683
shadowverse,22181360,55183,31281
shattered skies,3432877,4259,55122
shatterline,1317445,27931,67028
shellshock live,1216366,2771,63570
shenmue,354935,2089,25645
shenmue i ii,374583,889,10227
shenmue iii,955001,1405,25263
sherlock holmes chapter one,744196,1477,30084
sherlock holmes the devils daughter,236328,386,29358
shin megami tensei v,970025,3320,19356
shin megami tensei v vengeance,786351,3398,42049
shinkansen 0,885501,3087,75002
shiren the wanderer the mystery dungeon of serpentcoil island,1292516,558,30676
shootmania storm,899847,295,147354
shoppe keep,217437,5,16929
shoppe keep 2,218392,594,35249
shovel knight,255376,680,191303
sid meiers civilization v,8548653,44573,46335
sid meiers civilization vi,30814335,120267,146231
sid meiers civilization vi rise fall,296944,810,12911
sifu,7868018,37354,170196
sign of silence,683145,2251,43542
silent breath,744721,4532,71543
silent hill,170483,269,12977
silent hill 2,432855,845,49437
silent hill 3,144668,160,14487
silent hill 4 the room,289431,53,130761
silent hill downpour,213046,46,11346
silent hill the short message,1120205,26231,73141
silver chains,521623,1029,26167
skribblio,4445831,72236,264420
skul the hero slayer,2974243,11488,39947
skull and bones,10369028,57828,116691
skyforge,173751,5370,44226
skylanders ring of heroes,378704,428,10208
slam dunk,2481588,962,7264
slay the spire,80571598,258586,118742
slime rancher,1214983,19360,37991
slime rancher 2,2017857,17458,106172
slither,309057,3276,31516
slitherio,186314,6161,6792
slots,1208103879,333029,284606
sly cooper and the thievius raccoonus,297707,77,151385
smalland survive the wilds,1016397,5199,32057
smash grab,198627,508,31640
smite,345144217,1576309,150372
smite 2,3295077,13321,40393
smite tactics,804303,1634,15150
smuta,1022367,1138,76838
sniper elite 4,855764,3662,40373
sniper elite 5,3640642,27884,109276
sniper ghost warrior 3,286132,1039,32466
sniper ghost warrior contracts 2,778271,2273,82154
snowrunner,7889968,35818,67524
social eating,7210617,42818,55709
software and game development,57365302,365797,78685
solo leveling arise,1020217,11346,15217
soma,449676,2589,92396
some some convenience store,342876,800,9903
song of horror,972842,1557,30440
songs of conquest,709895,1509,19892
sonic advance,185057,44,110213
sonic advance 2,259550,24,159885
sonic advance 3,356218,19,148483
sonic adventure 2 battle,158951,245,127056
sonic forces,235696,3008,34692
sonic frontiers,2638689,20908,79999
sonic mania,920871,14221,36144
sonic the hedgehog,249214,375,134611
sons of the forest,40752336,236143,778126
sos,3475445,10484,146313
soulcalibur vi,5664501,20293,41853
soulmask,3417875,5987,41741
soulstone survivors,1344718,3513,44076
soulworker,225452,2839,7240
south park,6843828,1857,4331
south park snow day,775862,6623,73980
south park the fractured but whole,9252425,29579,161626
south park the stick of truth,1535053,10456,29136
space engineers,1141496,6028,6917
space hulk deathwing,155377,4,31947
sparkster,217692,12,153550
special events,770536855,621023,3915488
spectre divide,5036766,32142,82299
speedrunners,417567,1854,22570
spellbreak,9005240,95311,78725
spellforce 3,210799,769,11538
spelunky,294685,1207,15893
spelunky 2,22197482,28748,60319
spiritfarer,1172797,3824,39948
splatoon,1098018,8796,128419
splatoon 2,10542695,89663,171642
splatoon 3,27790598,220396,102899
splitgate,8003465,217836,104035
splitgate arena warfare,1516794,16224,87050
spongebob squarepants battle for bikini bottom,707228,428,151527
spongebob squarepants battle for bikini bottom rehydrated,2608126,16540,93617
spongebob squarepants the cosmic shake,705515,3784,33320
sports,760527356,679340,1540052
spyparty,1354573,1350,79292
spyro reignited trilogy,2218704,25579,58334
spyro year of the dragon,431025,245,157711
squad,4965898,25003,43467
squad busters,1484679,14943,67905
squirrel with a gun,695910,4256,35280
stalcraft,5277917,7496,11735
stalcraft x,8498978,13899,43619
stalker call of pripyat,467454,1031,11190
stalker clear sky,255110,248,16143
star citizen,109189880,277440,269842
star fox zero,128524,826,5125
star ocean integrity and faithlessness,160755,1403,11596
star trek bridge crew,476239,1199,45145
star trucker,703412,7654,24774
star wars battlefront,2461570,24,35256
star wars battlefront ii,15894716,249430,121333
star wars force arena,434898,237,29759
star wars jedi fallen order,17960835,159851,200398
star wars jedi knight ii jedi outcast,142993,66,15523
star wars jedi survivor,15107503,117218,238619
star wars knights of the old republic,637764,851,103627
star wars knights of the old republic ii the sith lords,533173,238,13259
star wars outlaws,5770219,30736,115505
star wars squadrons,2561464,20733,139205
star wars the old republic,2266001,10726,55080
starbase,1175752,1417,27604
starbound,1822775,12270,26630
starcraft,65400549,70231,134808
starcraft brood war,2327250,5078,25009
starcraft ii,393959559,496098,148897
stardew valley,114282738,1399783,99539
starfield,38906695,207867,552031
starship troopers extermination,1342848,7634,46585
starsiege deadzone,723286,2629,27549
startropics,255166,40,150150
state of decay 2,4877581,42413,84104
stationeers,177923,350,7329
stay,245733,133,15028
stay out of the house,715903,978,56218
steelrising,1813397,4375,61661
steep,1434233,12693,32974
stellar blade,7951466,31764,99422
stellaris,4442289,19476,32618
stepmania,244450,638,210108
still wakes the deep,2837760,25082,99122
stilt fella,1632057,776,63244
stocks and bonds,1886982,1041,18552
stone age,139948,77,1168
stonehearth,764775,665,17583
stoneshard,1332969,3108,30833
stories untold,136187,135,37433
stormgate,1787855,3063,26858
storybook brawl,771537,740,9073
strafe,145468,791,11783
stranded deep,777743,2911,23799
strange brigade,279452,1067,27741
stranger of paradise final fantasy origin,2443420,7304,50415
stray,15273826,196264,287683
stream raiders,15587797,31050,23505
streamer life simulator,2235699,3059,82806
street fighter 6,231931180,381770,326275
street fighter iii 3rd strike,1377602,835,40518
street fighter v,186700486,413465,249613
streets of rage 4,904921,10170,33308
stronghold definitive edition,695505,1603,24219
stumble guys,20429353,564771,80111
subnautica,42254740,370135,112385
subnautica below zero,14089963,38928,156942
sudden attack,700887,369,48874
suicide squad kill the justice league,4873220,28780,154051
suika game,18806317,38541,125368
summer game fest,1375325,575,415333
summoners war chronicles,3005073,6162,20974
summoners war lost centuria,907369,583,95637
summoners war sky arena,67353026,96073,70725
sun haven,756077,3609,12220
sunkenland,1290675,7169,27678
sunless skies,316414,467,12398
super auto pets,3329722,7383,72375
super castlevania iv,230865,92,158385
super mario 3d allstars,2365224,14467,45152
super mario 3d world,1586503,5283,155659
super mario 3d world bowsers fury,2454999,15938,33143
super mario 64,124822813,286863,219476
super mario 64 ds,165608,24,115289
super mario bros,488591,580,212544
super mario bros 3,2131189,3011,206252
super mario bros 35,1660830,6903,29769
super mario bros wonder,6866073,30460,122894
super mario galaxy,1069021,467,138248
super mario galaxy 2,1477969,487,182322
super mario maker,47905229,40113,232989
super mario maker 2,128041382,170704,257595
super mario odyssey,26428863,62360,209812
super mario party,5057385,10512,98770
super mario rpg,3636308,14283,41810
super mario rpg legend of the seven stars,1264439,980,150140
super mario sunshine,6525112,17741,194094
super mario world,53845174,129186,201386
super mario world 2 yoshis island,342177,251,145421
super metroid,5557763,9677,232309
super monkey ball,241350,65,148741
super monkey ball banana blitz,200365,26,146882
super monkey ball deluxe,289399,32,182262
super people,30787152,137929,142409
super punchout,284811,50,147152
super robot taisen v,206921,224,10166
super seducer,1632549,2045,45059
super seducer 2,1212026,1230,30155
super seducer 3,1918945,206,92539
super senso,245913,60,18940
super smash bros for wii u,34584011,70160,142104
super smash bros melee,104372661,207139,223070
super smash bros ultimate,249095561,832020,271926
superhot,490702,4316,49550
superliminal,611776,1009,66435
superman,263922,15,132672
supermarket simulator,29571935,137494,141166
supermarket together,2598270,45987,60881
supernatural,642441,3252,28715
supernova,124653,175,18709
supervive,694012,2458,42147
supraland,653352,1464,27524
surgeon simulator 2,1513848,2130,48957
surviving mars,1854455,4219,36527
suspects mystery mansion,1956135,691,62685
sword art online alicization lycoris,544778,3560,14039
sword art online fatal bullet,538797,8895,35909
sword art online hollow realization,458661,2291,9342
swords of legends online,2175497,6516,34882
syberia 3,164992,406,26775
synced,1134066,7816,41910
syndrome,247564,255,40094
system shock,831546,1575,66173
tabletop rpgs,46147111,68477,289150
tabletop simulator,6308483,32927,47256
tactics ogre reborn,730268,2274,13020
tale of immortal,1180228,116,19843
tale of wuxia,404179,67,6357
tales from the borderlands,232835,792,13971
tales of arise,3887606,15551,46190
tales of berseria,544953,2710,8984
tales of vesperia,573839,2439,8935
talk shows podcasts,566500310,1403681,413745
tarisland,5161074,14630,70150
tavern manager simulator,1139466,3269,23931
tcg card shop simulator,5350492,14675,71117
team fortress 2,9278894,131019,78576
teamfight manager,1934496,1658,61407
teamfight tactics,1169318581,2273678,358190
teardown,1966486,3463,53899
teenage mutant ninja turtles shredders revenge,1486640,27970,52122
tekken 7,118747258,593004,236556
tekken 7 fated retribution,1337919,218,36918
tekken 8,47161005,184560,181421
tell me why,628808,6499,40479
telling lies,510276,596,34822
temtem,6429959,31901,97027
tera,1602130,32206,17358
terraria,93197732,982142,265103
tetris,2109225,8380,53346
tetris 99,1393852,8251,37202
tetris the grand master,354007,40,148613
tetris with cardcaptor sakura eternal heart,357195,20,181376
thank goodness youre here,729754,3344,28384
the ascent,769332,8880,18351
the awesome adventures of captain spirit,407823,6394,33924
the ball,208863,24,28248
the bards tale iv,689825,402,20574
the bathhouse,1098883,2691,35837
the bathhouse restored edition,1280050,2149,83585
the battle cats unite,647936,36,244160
the beast inside,1798601,4857,41011
the binding of isaac afterbirth,44934892,202458,169578
the binding of isaac rebirth,1301261,8439,24535
the binding of isaac repentance,79099134,299978,90866
the bridge curse 2 the extrication,1140278,1720,32723
the bridge curse road to salvation,686546,897,65801
the bunker,405557,852,39468
the callisto protocol,8703710,37504,267668
the casino roulette video poker slot machines craps baccarat,2657092,389,49317
the casting of frank stone,3792785,15622,186229
the chant,642676,1608,25977
the classrooms,1009750,2926,76111
the closing shift,650544,1380,59390
the coin game,1087631,582,51002
the council,229122,674,29687
the crew 2,1921395,19175,37298
the crew motorfest,1131148,12716,51852
the culling,13778977,28452,73601
the cycle frontier,43856682,113152,99069
the dark occult,1165232,2697,34357
the dark pictures anthology house of ashes,7566175,22600,240871
the dark pictures anthology little hope,7028758,27736,308255
the dark pictures anthology man of medan,4338838,24326,96786
the dark pictures anthology the devil in me,7812337,25237,121842
the day before,4865016,8162,496288
the elder scrolls iii morrowind,539122,294,146352
the elder scrolls iv oblivion,2582965,4742,144920
the elder scrolls legends,29581923,26151,44757
the elder scrolls online,155255088,736275,151951
the elder scrolls v skyrim,70223152,749608,195899
the elder scrolls v skyrim special edition,5889024,58918,11520
the end is nigh,620524,1383,36051
the escapists,309843,456,16334
the escapists 2,1081662,4378,54879
the evil within,2716347,18576,18349
the evil within 2,7960592,27520,157125
the exit 8,1184758,9161,40659
the finals,31619039,572914,123831
the first descendant,27766419,259465,162123
the forest,49067222,824192,112873
the front,1840229,3122,53710
the game awards,3962277,3938,819968
the game awards 2016,367414,244,154906
the game of sisyphus,1530018,1669,70774
the godfather,615938,61,58739
the guest,99303,177,34720
the idolmaster stella stage,245314,192,16440
the infectious madness of doctor dekker,162777,119,33579
the invincible,722523,1475,32128
the isle,8304716,13532,94380
the jackbox party pack 4,1776547,9423,50917
the jackbox party pack 5,1196156,6789,34796
the jackbox party pack 6,3297583,37019,41473
the joy of sex,3206966,1061,47693
the karaoke,616683,2161,56256
the king of fighters xiv,891774,4166,17988
the king of fighters xv,4529177,15979,30762
the last guardian,1791220,112,55149
the last of us,20820550,173463,124711
the last of us part i,9823556,59422,99052
the last of us part ii,38289058,161974,508463
the last of us part ii remastered,2487684,8160,62135
the last spell,3876906,2777,46913
the legend of bumbo,524524,1789,18131
the legend of korra,246482,97,155744
the legend of zelda,535382,308,162264
the legend of zelda a link between worlds,778026,102,147535
the legend of zelda a link to the past,24307598,75743,237540
the legend of zelda breath of the wild,102996875,394975,191576
the legend of zelda echoes of wisdom,1840702,9159,54711
the legend of zelda four swords adventures,720821,75,130420
the legend of zelda links awakening,3888435,15035,235605
the legend of zelda links awakening dx,271063,110,151642
the legend of zelda majoras mask,13979724,20898,217334
the legend of zelda majoras mask 3d,357518,61,153067
the legend of zelda ocarina of time,68109924,209827,165946
the legend of zelda ocarina of time 3d,443399,87,209526
the legend of zelda ocarina of time master quest,278518,43,159514
the legend of zelda oracle of ages,234228,37,94932
the legend of zelda oracle of seasons,306749,80,121147
the legend of zelda skyward sword,1266097,626,167335
the legend of zelda skyward sword hd,5650006,18465,60837
the legend of zelda tears of the kingdom,56116508,181359,352288
the legend of zelda the minish cap,753620,354,152020
the legend of zelda the wind waker,974874,1674,53466
the legend of zelda the wind waker hd,3112343,1937,247477
the legend of zelda twilight princess,801590,402,168699
the legend of zelda twilight princess hd,1734297,3315,142814
the long dark,10860310,41732,33607
the long drive,4259665,5308,99409
the long journey home,200259,227,28972
the lord of the rings gollum,1374919,1816,79763
the lord of the rings online,361423,525,31833
the lord of the rings return to moria,3426692,9307,98694
the mageseeker a league of legends story,694431,3052,39650
the mean greens plastic warfare,92460,79,20986
the medium,3758621,25889,185362
the messenger,863236,2438,151270
the mortuary assistant,10128096,65637,109580
the movies,1628665,2121,49930
the outer worlds,6294775,46809,76547
the outlast trials,14227701,116732,130601
the pedestrian,359607,466,25157
the plucky squire,686337,5150,28332
the political machine 2016,195613,107,53230
the quarry,22975295,56609,354599
the red strings club,198079,196,28221
the riftbreaker,938008,2771,24012
the room three,353688,630,29236
the seven deadly sins grand cross,5964472,8797,13667
the simpsons,23214423,2705,16261
the simpsons hit run,25567635,9906,125675
the sims 4,138567171,1216310,167496
the sinking city,1979369,4918,45793
the solus project,312416,533,33188
the stanley parable ultra deluxe,2870036,13131,74346
the stubborn of wakgood,773867,161,28493
the suicide of rachel foster,378256,922,25762
the surge,1425920,5214,48444
the surge 2,1707098,1870,52272
the survivalists,592542,2481,42620
the swords of ditto,199384,1203,23183
the swordsmen x,241011,227,21449
the texas chain saw massacre,37154302,314531,203722
the town of light,100594,204,22452
the turing test,141741,598,26029
the underground man,232615,332,15741
the walking dead a new frontier,1469066,7303,26041
the walking dead michonne,138454,1526,13955
the walking dead saints sinners,515711,1700,16314
the walking dead season one,1795458,8783,70148
the walking dead season two,201775,125,18345
the walking dead the final season,961667,10465,24728
the wandering village,999255,2743,29783
the wild eight,256058,1018,32943
the witcher,1453465,5121,28729
the witcher 2 assassins of kings,805120,1739,23349
the witcher 3 wild hunt,90692731,764972,88802
the witness,1369953,6294,54981
thehunter call of the wild,2521975,12988,46646
there is no game wrong dimension,781567,778,40697
thetan arena,742865,5470,7386
they are billions,43870212,49280,96057
thief simulator,2264212,5102,88793
thief simulator 2,1093881,2320,43612
thimbleweed park,274264,475,10566
this is the police,889997,1986,35157
this is the police 2,569861,1314,19216
this war of mine,257056,1419,17603
throne and liberty,14614419,22304,151295
throne of lies medieval politics,3544335,3107,35694
thronebreaker the witcher tales,1863826,2587,121697
through the woods,187158,314,35636
thymesia,1408357,5439,49311
tibia,230504594,423994,34136
timberborn,1574564,3894,23006
tiny rogues,637425,614,26537
tiny tinas wonderlands,6519855,60743,126688
titanfall 2,4347787,76896,138129
tmnt,198228,61,132708
tom clancys ghost recon breakpoint,4013763,29723,118854
tom clancys ghost recon wildlands,6220913,90945,87165
tom clancys rainbow six extraction,3222364,28719,85864
tom clancys rainbow six siege,1077985583,12484258,473907
tom clancys the division,69822668,739693,159832
tom clancys the division 2,43229418,437098,139221
tomb raider ii,261718,126,17637
tomb raider iiiiii remastered,2706006,9374,40415
tony hawks pro skater,211450,37,111383
tony hawks pro skater 12,4289585,23818,130743
topspin 2k25,1801809,7971,33379
torchlight iii,1062168,2821,53172
torchlight infinite,4412414,6243,22027
tormented souls,1889615,5632,51296
total lockdown,531250,216,43182
total war saga thrones of britannia,377256,1143,18461
total war three kingdoms,9006573,9004,62063
total war warhammer,6311913,14875,40915
total war warhammer ii,20740269,57546,38377
total war warhammer iii,15481918,26686,73690
totally accurate battle simulator,1509641,6699,74419
totally accurate battlegrounds,2096626,25868,79789
tournament poker,9292123,3848,18904
tower of fantasy,28605697,121384,276098
tower unite,994658,1644,52739
town of salem,1733007,10978,44627
town of salem 2,1604299,1153,25432
trackmania,114749182,170627,237416
trackmania 2 canyon,251411,84,31899
trackmania 2 stadium,15374583,16267,101619
trackmania turbo,720071,5109,31418
transformers devastation,268643,322,126800
transport fever,355060,565,6818
transport fever 2,739280,1680,26412
transport tycoon deluxe,155576,21,33740
trauma center new blood,242274,28,138690
trauma center under the knife 2,324408,12,119012
travel outdoors,150842654,590603,149573
tree of savior,1448376,10162,6796
trek to yomi,622143,10889,37475
trials fusion,696699,3013,139440
trials of mana,2270820,5918,35891
trials rising,5116332,8907,217333
triangle strategy,620161,2562,6352
tribes of midgard,6051814,18444,97684
tricky towers,3576225,4073,92733
trine 4 the nightmare prince,436433,1173,21468
trombone champ,931016,3962,91668
tropico 5,179152,348,9216
tropico 6,2274935,4385,30684
trove,859903,11662,17482
trover saves the universe,365558,2956,33114
tunic,1649835,16753,30645
tusmo,562169,520,25972
twelve minutes,9418173,26069,359334
twitch plays,10306118,8108,29071
twitch presents,13555632,194,43035
twitch sings,13444420,135982,137455
twitch stream aid,1667571,336,168180
twitchcon 2016,949244,230,125427
twitchcon 2017,878473,411,86285
two point campus,1638455,6596,60071
two point hospital,2997769,11919,46234
tyranny,275413,880,20863
u014ckami,181539,3305,29429
ufl,558438,1998,54608
ufo 50,909462,1097,22118
ultimate chicken horse,808879,2630,36588
ultimate marvel vs capcom 3,2147706,5735,120615
ultra street fighter iv,556389,4203,23183
umamusume pretty derby,13802210,13328,75300
uncharted 2 among thieves,112048,158,6533
uncharted 4 a thiefs end,6866991,86847,102374
uncharted the lost legacy,1683181,8932,59504
uncharted the nathan drake collection,313718,8294,24140
undecember,3988237,8883,27590
undermine,1471057,3165,48576
undertale,4953028,52063,216515
undisputed,1066525,5066,69575
unicorn overlord,1190115,2852,11216
uno,7162731,62518,193723
unpacking,1322649,7502,42307
unrailed,601192,652,34357
unravel,540842,5283,33485
unravel two,446773,1041,51982
until dawn,5032181,44647,91431
until we die,1180349,921,35231
untitled goose game,2157680,12801,31186
use your words,466947,864,44273
v rising,30098324,88318,137720
vainglory,8092478,13542,43162
valheim,89990692,536642,220135
valorant,4631862775,17762263,1728977
vampire survivors,27152869,115389,140383
vampire the masquerade bloodhunt,16293894,145080,200432
vampire the masquerade bloodlines,878902,845,13684
vampyr,2922646,13170,114271
vanquish,202305,999,39075
veiled experts,3115990,12801,37949
vhs,1045210,614,16915
victoria 3,2300873,3123,26430
video horror society,2920925,17172,51571
viewfinder,1212150,3449,47014
vikings wolves of midgard,118839,567,24549
vintage story,384564,140,25729
virtual casino,443386739,98549,275327
virtual reality,1402456,1306,40281
visage,10485120,57316,91062
viscera cleanup detail,250781,69,36637
voices of the void,4364395,7689,26065
void bastards,928852,4090,27664
voidtrain,1486179,3535,37414
vrchat,214024481,773000,128943
vvvvvv,165691,101,159812
wakfu,1167012,1613,10626
wall world,757284,1386,34568
war by grow games,5324222,1319,60101
war thunder,55633962,772574,76317
warcraft iii,165630923,194839,138317
warface,843280,8492,27927
warface breakout,646929,1699,52685
warframe,185133688,1481314,554440
wargroove,524986,2696,30241
warhammer 40000 chaos gate daemonhunters,2221263,1686,45198
warhammer 40000 darktide,10322510,53979,118571
warhammer 40000 dawn of war iii,1179290,3347,28233
warhammer 40000 eternal crusade,108146,328,6867
warhammer 40000 inquisitor prophecy,272130,151,18992
warhammer 40000 rogue trader,1594318,2684,36965
warhammer 40000 space marine ii,13330483,79952,274185
warhammer vermintide 2,6786899,43862,77418
warhaven,719967,3263,41700
warioware get it together,927505,3277,56167
warlander,2168151,9598,48352
wartales,3613157,4313,47782
wasteland 2,506126,134,22327
wasteland 3,2557181,6558,52734
watch dogs 2,4067421,31728,60009
watch dogs legion,8455602,35630,321164
watch parties,20428700,92833,119936
watch tv,5090532,903,59092
waven,1283579,4329,25433
way of the hunter,1076734,3373,55293
wayfinder,2271936,5903,64643
we happy few,3487476,11696,57120
we were here forever,3796703,8432,92450
we were here together,1636189,3743,44222
we were here too,502857,1735,39122
weed shop 2,343217,444,29053
weed shop 3,2066064,2058,99754
weird west,685274,3950,32912
welcome to the game,724663,680,28533
welcome to the game ii,10960454,10366,129007
werewolves u72fcu4ebau6bba,436029,55,7684
what remains of edith finch,415045,1337,45323
what the golf,470513,546,26889
white day a labyrinth named school,812018,986,34144
who wants to be a millionaire,4470768,1892,109631
wild hearts,5340045,22946,76574
winning post 10,1174625,313,27913
witch it,972036,983,54175
wizard of legend,2474165,10114,63341
wo long fallen dynasty,9683478,67975,141387
wolcen lords of mayhem,9853491,21726,113848
wolfenstein ii the new colossus,3287454,15440,86606
wolfenstein the new order,959749,6371,109501
wolfenstein youngblood,1188315,5459,49242
words on stream,2092123,6481,5488
world of final fantasy,876685,6312,9423
world of tanks,523647336,1102516,184888
world of warcraft,2870508014,5665771,1103295
world of warcraft battle for azeroth,230598,7499,5800
world of warships,175776002,416206,62728
world war 3,747886,4140,26385
world war z,5337541,93354,135162
world war z aftermath,818846,1880,59249
worlds adrift,2183760,2952,43814
worms armageddon,151017,71,13825
worms revolution,504425,629,35226
worms wmd,4438187,6447,177239
wreckfest,1752053,6430,79719
wrestling,3448682,1412,71724
wrestling empire,832915,290,23478
wuthering waves,22579032,138462,147490
wwe 2k16,1250882,39809,38205
wwe 2k17,1318507,19341,36357
wwe 2k18,786144,10753,45898
wwe 2k19,690243,4693,33453
wwe 2k20,296891,1575,18023
wwe 2k22,7343445,44337,144561
wwe 2k23,2270685,34068,96829
wwe 2k24,2200167,39049,47347
wwe supercard,4817880,4123,24738
x4 foundations,871226,1509,19232
xcom 2,16134304,37465,76838
xcom 2 war of the chosen,9003639,11038,37514
xcom chimera squad,1501750,3218,41604
xcom enemy within,1594433,2998,12424
xdefiant,31894014,531321,206136
xenoblade chronicles 2,2083236,4439,13177
xenoblade chronicles 3,2141184,8887,39349
xenoblade chronicles definitive edition,653284,3026,9083
xera survival,883459,2155,28858
yakuza,2500732,800,29606
yakuza 0,9227410,21780,57480
yakuza 3,723712,201,14737
yakuza 4,573512,135,24452
yakuza 5,1980204,435,25040
yakuza 6 the song of life,2676485,2734,22909
yakuza kiwami,2679040,3465,53241
yakuza kiwami 2,3940164,2817,41126
yakuza like a dragon,9041683,12804,41207
yes your grace,583076,795,37177
ylands,199534,1625,33598
yokai watch 2 psychic specters,681390,40,15236
yookalaylee,672344,4491,36126
yoshis crafted world,594053,1699,12884
you suck at parking,622702,255,152107
youtubers life,553555,3537,64093
ys viii lacrimosa of dana,202881,143,5146
yugioh duel links,29004111,93833,22914
yugioh forbidden memories,343855,257,2839
yugioh master duel,70774966,449347,105489
yuppie psycho,388020,233,33399
z1 battle royale,196461671,701550,145097
zelda ii the adventure of link,181560,100,94715
zenless zone zero,17751003,125700,119438
zero escape nine hours nine persons nine doors,197213,62,7155
zero escape zero time dilemma,321911,401,17601
zero sievert,705778,1914,26188
zombie army 4 dead war,612082,2297,27709
zoochosis,763925,967,148359
